Epoch,Validator Index,Head,Target,Source,Inclusion Delay,Inactivity
0,0,153462,290680,154685,,0
0,1,153462,290680,154685,,0
0,2,153462,290680,154685,,0
0,3,153462,290680,154685,,0
0,4,153462,290680,154685,,0
0,5,153462,290680,154685,,0
0,6,153462,290680,154685,,0
0,7,153462,290680,154685,,0
0,8,153462,290680,154685,,0
0,9,153462,290680,154685,,0
0,10,153462,290680,154685,,0
0,11,153462,290680,154685,,0
0,12,153462,290680,154685,,0
0,13,153462,290680,154685,,0
0,14,153462,290680,154685,,0
0,15,153462,290680,154685,,0
0,16,153462,290680,154685,,0
0,17,153462,290680,154685,,0
0,18,153462,290680,154685,,0
0,19,153462,290680,154685,,0
0,20,153462,290680,154685,,0
0,21,153462,290680,154685,,0
0,22,153462,290680,154685,,0
0,23,153462,290680,154685,,0
0,24,153462,290680,154685,,0
0,25,153462,290680,154685,,0
0,26,153462,290680,154685,,0
0,27,153462,290680,154685,,0
0,28,153462,290680,154685,,0
0,29,153462,290680,154685,,0
0,30,153462,290680,154685,,0
0,31,153462,290680,154685,,0
0,32,153462,290680,154685,,0
0,33,153462,290680,154685,,0
0,34,153462,290680,154685,,0
0,35,153462,290680,154685,,0
0,36,153462,290680,154685,,0
0,37,153462,290680,154685,,0
0,38,153462,290680,154685,,0
0,39,153462,290680,154685,,0
0,40,153462,290680,154685,,0
0,41,153462,290680,154685,,0
0,42,153462,290680,154685,,0
0,43,153462,290680,154685,,0
0,44,153462,290680,154685,,0
0,45,153462,290680,154685,,0
0,46,153462,290680,154685,,0
0,47,153462,290680,154685,,0
0,48,153462,290680,154685,,0
0,49,153462,290680,154685,,0
0,50,153462,290680,154685,,0
0,51,153462,290680,154685,,0
0,52,153462,290680,154685,,0
0,53,153462,290680,154685,,0
0,54,153462,290680,154685,,0
0,55,153462,290680,154685,,0
0,56,153462,290680,154685,,0
0,57,153462,290680,154685,,0
0,58,153462,290680,154685,,0
0,59,153462,290680,154685,,0
0,60,153462,290680,154685,,0
0,61,153462,290680,154685,,0
0,62,153462,290680,154685,,0
0,63,153462,290680,154685,,0
0,64,153462,290680,154685,,0
0,65,153462,290680,154685,,0
0,66,153462,290680,154685,,0
0,67,153462,290680,154685,,0
0,68,153462,290680,154685,,0
0,69,153462,290680,154685,,0
0,70,153462,290680,154685,,0
0,71,153462,290680,154685,,0
0,72,153462,290680,154685,,0
0,73,153462,290680,154685,,0
0,74,153462,290680,154685,,0
0,75,153462,290680,154685,,0
0,76,153462,290680,154685,,0
0,77,153462,290680,154685,,0
0,78,153462,290680,154685,,0
0,79,153462,290680,154685,,0
0,80,153462,290680,154685,,0
0,81,153462,290680,154685,,0
0,82,153462,290680,154685,,0
0,83,153462,290680,154685,,0
0,84,153462,290680,154685,,0
0,85,153462,290680,154685,,0
0,86,153462,290680,154685,,0
0,87,153462,290680,154685,,0
0,88,153462,290680,154685,,0
0,89,153462,290680,154685,,0
0,90,153462,290680,154685,,0
0,91,153462,290680,154685,,0
0,92,153462,290680,154685,,0
0,93,153462,290680,154685,,0
0,94,153462,290680,154685,,0
0,95,0,290680,154685,,0
0,96,153462,290680,154685,,0
0,97,153462,290680,154685,,0
0,98,153462,290680,154685,,0
0,99,153462,290680,154685,,0
0,100,153462,290680,154685,,0
0,101,153462,290680,154685,,0
0,102,153462,290680,154685,,0
0,103,153462,290680,154685,,0
0,104,153462,290680,154685,,0
0,105,153462,290680,154685,,0
0,106,153462,290680,154685,,0
0,107,153462,290680,154685,,0
0,108,153462,290680,154685,,0
0,109,153462,290680,154685,,0
0,110,153462,290680,154685,,0
0,111,153462,290680,154685,,0
0,112,153462,290680,154685,,0
0,113,153462,290680,154685,,0
0,114,153462,290680,154685,,0
0,115,153462,290680,154685,,0
0,116,153462,290680,154685,,0
0,117,153462,290680,154685,,0
0,118,153462,290680,154685,,0
0,119,0,290680,154685,,0
0,120,153462,290680,154685,,0
0,121,153462,290680,154685,,0
0,122,153462,290680,154685,,0
0,123,153462,290680,154685,,0
0,124,153462,290680,154685,,0
0,125,153462,290680,154685,,0
0,126,153462,290680,154685,,0
0,127,153462,290680,154685,,0
0,128,153462,290680,154685,,0
0,129,153462,290680,154685,,0
0,130,153462,290680,154685,,0
0,131,153462,290680,154685,,0
0,132,153462,290680,154685,,0
0,133,153462,290680,154685,,0
0,134,153462,290680,154685,,0
0,135,153462,290680,154685,,0
0,136,153462,290680,154685,,0
0,137,153462,290680,154685,,0
0,138,153462,290680,154685,,0
0,139,153462,290680,154685,,0
0,140,153462,290680,154685,,0
0,141,153462,290680,154685,,0
0,142,153462,290680,154685,,0
0,143,153462,290680,154685,,0
0,144,153462,290680,154685,,0
0,145,153462,290680,154685,,0
0,146,153462,290680,154685,,0
0,147,153462,290680,154685,,0
0,148,153462,290680,154685,,0
0,149,153462,290680,154685,,0
0,150,153462,290680,154685,,0
0,151,153462,290680,154685,,0
0,152,153462,290680,154685,,0
0,153,153462,290680,154685,,0
0,154,153462,290680,154685,,0
0,155,153462,290680,154685,,0
0,156,153462,290680,154685,,0
0,157,153462,290680,154685,,0
0,158,153462,290680,154685,,0
0,159,153462,290680,154685,,0
0,160,153462,290680,154685,,0
0,161,153462,290680,154685,,0
0,162,153462,290680,154685,,0
0,163,153462,290680,154685,,0
0,164,153462,290680,154685,,0
0,165,153462,290680,154685,,0
0,166,153462,290680,154685,,0
0,167,153462,290680,154685,,0
0,168,153462,290680,154685,,0
0,169,153462,290680,154685,,0
0,170,153462,290680,154685,,0
0,171,153462,290680,154685,,0
0,172,153462,290680,154685,,0
0,173,153462,290680,154685,,0
0,174,153462,290680,154685,,0
0,175,153462,290680,154685,,0
0,176,153462,290680,154685,,0
0,177,153462,290680,154685,,0
0,178,153462,290680,154685,,0
0,179,153462,290680,154685,,0
0,180,153462,290680,154685,,0
0,181,153462,290680,154685,,0
0,182,153462,290680,154685,,0
0,183,153462,290680,154685,,0
0,184,153462,290680,154685,,0
0,185,153462,290680,154685,,0
0,186,153462,290680,154685,,0
0,187,153462,290680,154685,,0
0,188,0,290680,-156520,,0
0,189,153462,290680,154685,,0
0,190,153462,290680,154685,,0
0,191,153462,290680,154685,,0
0,192,153462,290680,154685,,0
0,193,153462,290680,154685,,0
0,194,153462,290680,154685,,0
0,195,153462,290680,154685,,0
0,196,153462,290680,154685,,0
0,197,153462,290680,154685,,0
0,198,153462,290680,154685,,0
0,199,153462,290680,154685,,0
0,200,153462,290680,154685,,0
0,201,153462,290680,154685,,0
0,202,153462,290680,154685,,0
0,203,153462,290680,154685,,0
0,204,153462,290680,154685,,0
0,205,153462,290680,154685,,0
0,206,153462,290680,154685,,0
0,207,153462,290680,154685,,0
0,208,153462,290680,154685,,0
0,209,0,290680,-156520,,0
0,210,153462,290680,154685,,0
0,211,153462,290680,154685,,0
0,212,153462,290680,154685,,0
0,213,153462,290680,154685,,0
0,214,153462,290680,154685,,0
0,215,153462,290680,154685,,0
0,216,153462,290680,154685,,0
0,217,153462,290680,154685,,0
0,218,153462,290680,154685,,0
0,219,153462,290680,154685,,0
0,220,153462,290680,154685,,0
0,221,153462,290680,154685,,0
0,222,153462,290680,154685,,0
0,223,153462,290680,154685,,0
0,224,153462,290680,154685,,0
0,225,0,290680,-156520,,0
0,226,153462,290680,154685,,0
0,227,153462,290680,154685,,0
0,228,153462,290680,154685,,0
0,229,153462,290680,154685,,0
0,230,153462,290680,154685,,0
0,231,153462,290680,154685,,0
0,232,153462,290680,154685,,0
0,233,153462,290680,154685,,0
0,234,153462,290680,154685,,0
0,235,153462,290680,154685,,0
0,236,153462,290680,154685,,0
0,237,153462,290680,154685,,0
0,238,153462,290680,154685,,0
0,239,153462,290680,154685,,0
0,240,153462,290680,154685,,0
0,241,153462,290680,154685,,0
0,242,153462,290680,154685,,0
0,243,153462,290680,154685,,0
0,244,153462,290680,154685,,0
0,245,153462,290680,154685,,0
0,246,153462,290680,154685,,0
0,247,153462,290680,154685,,0
0,248,153462,290680,154685,,0
0,249,153462,290680,154685,,0
0,250,153462,290680,154685,,0
0,251,153462,290680,154685,,0
0,252,153462,290680,154685,,0
0,253,153462,290680,154685,,0
0,254,153462,290680,154685,,0
0,255,153462,290680,154685,,0
1,0,156520,290680,156520,,0
1,1,156520,290680,156520,,0
1,2,156520,290680,156520,,0
1,3,156520,290680,156520,,0
1,4,156520,290680,156520,,0
1,5,156520,290680,156520,,0
1,6,156520,290680,156520,,0
1,7,156520,290680,156520,,0
1,8,156520,290680,156520,,0
1,9,156520,290680,156520,,0
1,10,156520,290680,156520,,0
1,11,156520,290680,156520,,0
1,12,156520,290680,156520,,0
1,13,156520,290680,156520,,0
1,14,156520,290680,156520,,0
1,15,156520,290680,156520,,0
1,16,156520,290680,156520,,0
1,17,156520,290680,156520,,0
1,18,156520,290680,156520,,0
1,19,156520,290680,156520,,0
1,20,156520,290680,156520,,0
1,21,156520,290680,156520,,0
1,22,156520,290680,156520,,0
1,23,156520,290680,156520,,0
1,24,156520,290680,156520,,0
1,25,156520,290680,156520,,0
1,26,156520,290680,156520,,0
1,27,156520,290680,156520,,0
1,28,156520,290680,156520,,0
1,29,156520,290680,156520,,0
1,30,156520,290680,156520,,0
1,31,156520,290680,156520,,0
1,32,156520,290680,156520,,0
1,33,156520,290680,156520,,0
1,34,156520,290680,156520,,0
1,35,156520,290680,156520,,0
1,36,156520,290680,156520,,0
1,37,156520,290680,156520,,0
1,38,156520,290680,156520,,0
1,39,156520,290680,156520,,0
1,40,156520,290680,156520,,0
1,41,156520,290680,156520,,0
1,42,156520,290680,156520,,0
1,43,156520,290680,156520,,0
1,44,156520,290680,156520,,0
1,45,156520,290680,156520,,0
1,46,156520,290680,156520,,0
1,47,156520,290680,156520,,0
1,48,156520,290680,156520,,0
1,49,156520,290680,156520,,0
1,50,156520,290680,156520,,0
1,51,156520,290680,156520,,0
1,52,156520,290680,156520,,0
1,53,156520,290680,156520,,0
1,54,156520,290680,156520,,0
1,55,156520,290680,156520,,0
1,56,156520,290680,156520,,0
1,57,156520,290680,156520,,0
1,58,156520,290680,156520,,0
1,59,156520,290680,156520,,0
1,60,156520,290680,156520,,0
1,61,156520,290680,156520,,0
1,62,156520,290680,156520,,0
1,63,156520,290680,156520,,0
1,64,156520,290680,156520,,0
1,65,156520,290680,156520,,0
1,66,156520,290680,156520,,0
1,67,156520,290680,156520,,0
1,68,156520,290680,156520,,0
1,69,156520,290680,156520,,0
1,70,156520,290680,156520,,0
1,71,156520,290680,156520,,0
1,72,156520,290680,156520,,0
1,73,156520,290680,156520,,0
1,74,156520,290680,156520,,0
1,75,156520,290680,156520,,0
1,76,156520,290680,156520,,0
1,77,156520,290680,156520,,0
1,78,156520,290680,156520,,0
1,79,156520,290680,156520,,0
1,80,156520,290680,156520,,0
1,81,156520,290680,156520,,0
1,82,156520,290680,156520,,0
1,83,156520,290680,156520,,0
1,84,156520,290680,156520,,0
1,85,156520,290680,156520,,0
1,86,156520,290680,156520,,0
1,87,156520,290680,156520,,0
1,88,156520,290680,156520,,0
1,89,156520,290680,156520,,0
1,90,156520,290680,156520,,0
1,91,156520,290680,156520,,0
1,92,156520,290680,156520,,0
1,93,156520,290680,156520,,0
1,94,156520,290680,156520,,0
1,95,156520,290680,156520,,0
1,96,156520,290680,156520,,0
1,97,156520,290680,156520,,0
1,98,156520,290680,156520,,0
1,99,156520,290680,156520,,0
1,100,156520,290680,156520,,0
1,101,156520,290680,156520,,0
1,102,156520,290680,156520,,0
1,103,156520,290680,156520,,0
1,104,156520,290680,156520,,0
1,105,156520,290680,156520,,0
1,106,156520,290680,156520,,0
1,107,156520,290680,156520,,0
1,108,156520,290680,156520,,0
1,109,156520,290680,156520,,0
1,110,156520,290680,156520,,0
1,111,156520,290680,156520,,0
1,112,156520,290680,156520,,0
1,113,156520,290680,156520,,0
1,114,156520,290680,156520,,0
1,115,156520,290680,156520,,0
1,116,156520,290680,156520,,0
1,117,156520,290680,156520,,0
1,118,156520,290680,156520,,0
1,119,156520,290680,156520,,0
1,120,156520,290680,156520,,0
1,121,156520,290680,156520,,0
1,122,156520,290680,156520,,0
1,123,156520,290680,156520,,0
1,124,156520,290680,156520,,0
1,125,156520,290680,156520,,0
1,126,156520,290680,156520,,0
1,127,156520,290680,156520,,0
1,128,156520,290680,156520,,0
1,129,156520,290680,156520,,0
1,130,156520,290680,156520,,0
1,131,156520,290680,156520,,0
1,132,156520,290680,156520,,0
1,133,156520,290680,156520,,0
1,134,156520,290680,156520,,0
1,135,156520,290680,156520,,0
1,136,156520,290680,156520,,0
1,137,156520,290680,156520,,0
1,138,156520,290680,156520,,0
1,139,156520,290680,156520,,0
1,140,156520,290680,156520,,0
1,141,156520,290680,156520,,0
1,142,156520,290680,156520,,0
1,143,156520,290680,156520,,0
1,144,156520,290680,156520,,0
1,145,156520,290680,156520,,0
1,146,156520,290680,156520,,0
1,147,156520,290680,156520,,0
1,148,156520,290680,156520,,0
1,149,156520,290680,156520,,0
1,150,156520,290680,156520,,0
1,151,156520,290680,156520,,0
1,152,156520,290680,156520,,0
1,153,156520,290680,156520,,0
1,154,156520,290680,156520,,0
1,155,156520,290680,156520,,0
1,156,156520,290680,156520,,0
1,157,156520,290680,156520,,0
1,158,156520,290680,156520,,0
1,159,156520,290680,156520,,0
1,160,156520,290680,156520,,0
1,161,156520,290680,156520,,0
1,162,156520,290680,156520,,0
1,163,156520,290680,156520,,0
1,164,156520,290680,156520,,0
1,165,156520,290680,156520,,0
1,166,156520,290680,156520,,0
1,167,156520,290680,156520,,0
1,168,156520,290680,156520,,0
1,169,156520,290680,156520,,0
1,170,156520,290680,156520,,0
1,171,156520,290680,156520,,0
1,172,156520,290680,156520,,0
1,173,156520,290680,156520,,0
1,174,156520,290680,156520,,0
1,175,156520,290680,156520,,0
1,176,156520,290680,156520,,0
1,177,156520,290680,156520,,0
1,178,156520,290680,156520,,0
1,179,156520,290680,156520,,0
1,180,156520,290680,156520,,0
1,181,156520,290680,156520,,0
1,182,156520,290680,156520,,0
1,183,156520,290680,156520,,0
1,184,156520,290680,156520,,0
1,185,156520,290680,156520,,0
1,186,156520,290680,156520,,0
1,187,156520,290680,156520,,0
1,188,156520,290680,156520,,0
1,189,156520,290680,156520,,0
1,190,156520,290680,156520,,0
1,191,156520,290680,156520,,0
1,192,156520,290680,156520,,0
1,193,156520,290680,156520,,0
1,194,156520,290680,156520,,0
1,195,156520,290680,156520,,0
1,196,156520,290680,156520,,0
1,197,156520,290680,156520,,0
1,198,156520,290680,156520,,0
1,199,156520,290680,156520,,0
1,200,156520,290680,156520,,0
1,201,156520,290680,156520,,0
1,202,156520,290680,156520,,0
1,203,156520,290680,156520,,0
1,204,156520,290680,156520,,0
1,205,156520,290680,156520,,0
1,206,156520,290680,156520,,0
1,207,156520,290680,156520,,0
1,208,156520,290680,156520,,0
1,209,156520,290680,156520,,0
1,210,156520,290680,156520,,0
1,211,156520,290680,156520,,0
1,212,156520,290680,156520,,0
1,213,156520,290680,156520,,0
1,214,156520,290680,156520,,0
1,215,156520,290680,156520,,0
1,216,156520,290680,156520,,0
1,217,156520,290680,156520,,0
1,218,156520,290680,156520,,0
1,219,156520,290680,156520,,0
1,220,156520,290680,156520,,0
1,221,156520,290680,156520,,0
1,222,156520,290680,156520,,0
1,223,156520,290680,156520,,0
1,224,156520,290680,156520,,0
1,225,156520,290680,156520,,0
1,226,156520,290680,156520,,0
1,227,156520,290680,156520,,0
1,228,156520,290680,156520,,0
1,229,156520,290680,156520,,0
1,230,156520,290680,156520,,0
1,231,156520,290680,156520,,0
1,232,156520,290680,156520,,0
1,233,156520,290680,156520,,0
1,234,156520,290680,156520,,0
1,235,156520,290680,156520,,0
1,236,156520,290680,156520,,0
1,237,156520,290680,156520,,0
1,238,156520,290680,156520,,0
1,239,156520,290680,156520,,0
1,240,156520,290680,156520,,0
1,241,156520,290680,156520,,0
1,242,156520,290680,156520,,0
1,243,156520,290680,156520,,0
1,244,156520,290680,156520,,0
1,245,156520,290680,156520,,0
1,246,156520,290680,156520,,0
1,247,156520,290680,156520,,0
1,248,156520,290680,156520,,0
1,249,156520,290680,156520,,0
1,250,156520,290680,156520,,0
1,251,156520,290680,156520,,0
1,252,156520,290680,156520,,0
1,253,156520,290680,156520,,0
1,254,156520,290680,156520,,0
1,255,156520,290680,156520,,0
2,0,156520,290680,156520,,0
2,1,156520,290680,156520,,0
2,2,156520,290680,156520,,0
2,3,156520,290680,156520,,0
2,4,156520,290680,156520,,0
2,5,156520,290680,156520,,0
2,6,156520,290680,156520,,0
2,7,156520,290680,156520,,0
2,8,156520,290680,156520,,0
2,9,156520,290680,156520,,0
2,10,156520,290680,156520,,0
2,11,156520,290680,156520,,0
2,12,156520,290680,156520,,0
2,13,156520,290680,156520,,0
2,14,156520,290680,156520,,0
2,15,156520,290680,156520,,0
2,16,156520,290680,156520,,0
2,17,156520,290680,156520,,0
2,18,156520,290680,156520,,0
2,19,156520,290680,156520,,0
2,20,156520,290680,156520,,0
2,21,156520,290680,156520,,0
2,22,156520,290680,156520,,0
2,23,156520,290680,156520,,0
2,24,156520,290680,156520,,0
2,25,156520,290680,156520,,0
2,26,156520,290680,156520,,0
2,27,156520,290680,156520,,0
2,28,156520,290680,156520,,0
2,29,156520,290680,156520,,0
2,30,156520,290680,156520,,0
2,31,156520,290680,156520,,0
2,32,156520,290680,156520,,0
2,33,156520,290680,156520,,0
2,34,156520,290680,156520,,0
2,35,156520,290680,156520,,0
2,36,156520,290680,156520,,0
2,37,156520,290680,156520,,0
2,38,156520,290680,156520,,0
2,39,156520,290680,156520,,0
2,40,156520,290680,156520,,0
2,41,156520,290680,156520,,0
2,42,156520,290680,156520,,0
2,43,156520,290680,156520,,0
2,44,156520,290680,156520,,0
2,45,156520,290680,156520,,0
2,46,156520,290680,156520,,0
2,47,156520,290680,156520,,0
2,48,156520,290680,156520,,0
2,49,156520,290680,156520,,0
2,50,156520,290680,156520,,0
2,51,156520,290680,156520,,0
2,52,156520,290680,156520,,0
2,53,156520,290680,156520,,0
2,54,156520,290680,156520,,0
2,55,156520,290680,156520,,0
2,56,156520,290680,156520,,0
2,57,156520,290680,156520,,0
2,58,156520,290680,156520,,0
2,59,156520,290680,156520,,0
2,60,156520,290680,156520,,0
2,61,156520,290680,156520,,0
2,62,156520,290680,156520,,0
2,63,156520,290680,156520,,0
2,64,156520,290680,156520,,0
2,65,156520,290680,156520,,0
2,66,156520,290680,156520,,0
2,67,156520,290680,156520,,0
2,68,156520,290680,156520,,0
2,69,156520,290680,156520,,0
2,70,156520,290680,156520,,0
2,71,156520,290680,156520,,0
2,72,156520,290680,156520,,0
2,73,156520,290680,156520,,0
2,74,156520,290680,156520,,0
2,75,156520,290680,156520,,0
2,76,156520,290680,156520,,0
2,77,156520,290680,156520,,0
2,78,156520,290680,156520,,0
2,79,156520,290680,156520,,0
2,80,156520,290680,156520,,0
2,81,156520,290680,156520,,0
2,82,156520,290680,156520,,0
2,83,156520,290680,156520,,0
2,84,156520,290680,156520,,0
2,85,156520,290680,156520,,0
2,86,156520,290680,156520,,0
2,87,156520,290680,156520,,0
2,88,156520,290680,156520,,0
2,89,156520,290680,156520,,0
2,90,156520,290680,156520,,0
2,91,156520,290680,156520,,0
2,92,156520,290680,156520,,0
2,93,156520,290680,156520,,0
2,94,156520,290680,156520,,0
2,95,156520,290680,156520,,0
2,96,156520,290680,156520,,0
2,97,156520,290680,156520,,0
2,98,156520,290680,156520,,0
2,99,156520,290680,156520,,0
2,100,156520,290680,156520,,0
2,101,156520,290680,156520,,0
2,102,156520,290680,156520,,0
2,103,156520,290680,156520,,0
2,104,156520,290680,156520,,0
2,105,156520,290680,156520,,0
2,106,156520,290680,156520,,0
2,107,156520,290680,156520,,0
2,108,156520,290680,156520,,0
2,109,156520,290680,156520,,0
2,110,156520,290680,156520,,0
2,111,156520,290680,156520,,0
2,112,156520,290680,156520,,0
2,113,156520,290680,156520,,0
2,114,156520,290680,156520,,0
2,115,156520,290680,156520,,0
2,116,156520,290680,156520,,0
2,117,156520,290680,156520,,0
2,118,156520,290680,156520,,0
2,119,156520,290680,156520,,0
2,120,156520,290680,156520,,0
2,121,156520,290680,156520,,0
2,122,156520,290680,156520,,0
2,123,156520,290680,156520,,0
2,124,156520,290680,156520,,0
2,125,156520,290680,156520,,0
2,126,156520,290680,156520,,0
2,127,156520,290680,156520,,0
2,128,156520,290680,156520,,0
2,129,156520,290680,156520,,0
2,130,156520,290680,156520,,0
2,131,156520,290680,156520,,0
2,132,156520,290680,156520,,0
2,133,156520,290680,156520,,0
2,134,156520,290680,156520,,0
2,135,156520,290680,156520,,0
2,136,156520,290680,156520,,0
2,137,156520,290680,156520,,0
2,138,156520,290680,156520,,0
2,139,156520,290680,156520,,0
2,140,156520,290680,156520,,0
2,141,156520,290680,156520,,0
2,142,156520,290680,156520,,0
2,143,156520,290680,156520,,0
2,144,156520,290680,156520,,0
2,145,156520,290680,156520,,0
2,146,156520,290680,156520,,0
2,147,156520,290680,156520,,0
2,148,156520,290680,156520,,0
2,149,156520,290680,156520,,0
2,150,156520,290680,156520,,0
2,151,156520,290680,156520,,0
2,152,156520,290680,156520,,0
2,153,156520,290680,156520,,0
2,154,156520,290680,156520,,0
2,155,156520,290680,156520,,0
2,156,156520,290680,156520,,0
2,157,156520,290680,156520,,0
2,158,156520,290680,156520,,0
2,159,156520,290680,156520,,0
2,160,156520,290680,156520,,0
2,161,156520,290680,156520,,0
2,162,156520,290680,156520,,0
2,163,156520,290680,156520,,0
2,164,156520,290680,156520,,0
2,165,156520,290680,156520,,0
2,166,156520,290680,156520,,0
2,167,156520,290680,156520,,0
2,168,156520,290680,156520,,0
2,169,156520,290680,156520,,0
2,170,156520,290680,156520,,0
2,171,156520,290680,156520,,0
2,172,156520,290680,156520,,0
2,173,156520,290680,156520,,0
2,174,156520,290680,156520,,0
2,175,156520,290680,156520,,0
2,176,156520,290680,156520,,0
2,177,156520,290680,156520,,0
2,178,156520,290680,156520,,0
2,179,156520,290680,156520,,0
2,180,156520,290680,156520,,0
2,181,156520,290680,156520,,0
2,182,156520,290680,156520,,0
2,183,156520,290680,156520,,0
2,184,156520,290680,156520,,0
2,185,156520,290680,156520,,0
2,186,156520,290680,156520,,0
2,187,156520,290680,156520,,0
2,188,156520,290680,156520,,0
2,189,156520,290680,156520,,0
2,190,156520,290680,156520,,0
2,191,156520,290680,156520,,0
2,192,156520,290680,156520,,0
2,193,156520,290680,156520,,0
2,194,156520,290680,156520,,0
2,195,156520,290680,156520,,0
2,196,156520,290680,156520,,0
2,197,156520,290680,156520,,0
2,198,156520,290680,156520,,0
2,199,156520,290680,156520,,0
2,200,156520,290680,156520,,0
2,201,156520,290680,156520,,0
2,202,156520,290680,156520,,0
2,203,156520,290680,156520,,0
2,204,156520,290680,156520,,0
2,205,156520,290680,156520,,0
2,206,156520,290680,156520,,0
2,207,156520,290680,156520,,0
2,208,156520,290680,156520,,0
2,209,156520,290680,156520,,0
2,210,156520,290680,156520,,0
2,211,156520,290680,156520,,0
2,212,156520,290680,156520,,0
2,213,156520,290680,156520,,0
2,214,156520,290680,156520,,0
2,215,156520,290680,156520,,0
2,216,156520,290680,156520,,0
2,217,156520,290680,156520,,0
2,218,156520,290680,156520,,0
2,219,156520,290680,156520,,0
2,220,156520,290680,156520,,0
2,221,156520,290680,156520,,0
2,222,156520,290680,156520,,0
2,223,156520,290680,156520,,0
2,224,156520,290680,156520,,0
2,225,156520,290680,156520,,0
2,226,156520,290680,156520,,0
2,227,156520,290680,156520,,0
2,228,156520,290680,156520,,0
2,229,156520,290680,156520,,0
2,230,156520,290680,156520,,0
2,231,156520,290680,156520,,0
2,232,156520,290680,156520,,0
2,233,156520,290680,156520,,0
2,234,156520,290680,156520,,0
2,235,156520,290680,156520,,0
2,236,156520,290680,156520,,0
2,237,156520,290680,156520,,0
2,238,156520,290680,156520,,0
2,239,156520,290680,156520,,0
2,240,156520,290680,156520,,0
2,241,156520,290680,156520,,0
2,242,156520,290680,156520,,0
2,243,156520,290680,156520,,0
2,244,156520,290680,156520,,0
2,245,156520,290680,156520,,0
2,246,156520,290680,156520,,0
2,247,156520,290680,156520,,0
2,248,156520,290680,156520,,0
2,249,156520,290680,156520,,0
2,250,156520,290680,156520,,0
2,251,156520,290680,156520,,0
2,252,156520,290680,156520,,0
2,253,156520,290680,156520,,0
2,254,156520,290680,156520,,0
2,255,156520,290680,156520,,0
3,0,156520,290680,156520,,0
3,1,156520,290680,156520,,0
3,2,156520,290680,156520,,0
3,3,156520,290680,156520,,0
3,4,156520,290680,156520,,0
3,5,156520,290680,156520,,0
3,6,156520,290680,156520,,0
3,7,156520,290680,156520,,0
3,8,156520,290680,156520,,0
3,9,156520,290680,156520,,0
3,10,156520,290680,156520,,0
3,11,156520,290680,156520,,0
3,12,156520,290680,156520,,0
3,13,156520,290680,156520,,0
3,14,156520,290680,156520,,0
3,15,156520,290680,156520,,0
3,16,156520,290680,156520,,0
3,17,156520,290680,156520,,0
3,18,156520,290680,156520,,0
3,19,156520,290680,156520,,0
3,20,156520,290680,156520,,0
3,21,156520,290680,156520,,0
3,22,156520,290680,156520,,0
3,23,156520,290680,156520,,0
3,24,156520,290680,156520,,0
3,25,156520,290680,156520,,0
3,26,156520,290680,156520,,0
3,27,156520,290680,156520,,0
3,28,156520,290680,156520,,0
3,29,156520,290680,156520,,0
3,30,156520,290680,156520,,0
3,31,156520,290680,156520,,0
3,32,156520,290680,156520,,0
3,33,156520,290680,156520,,0
3,34,156520,290680,156520,,0
3,35,156520,290680,156520,,0
3,36,156520,290680,156520,,0
3,37,156520,290680,156520,,0
3,38,156520,290680,156520,,0
3,39,156520,290680,156520,,0
3,40,156520,290680,156520,,0
3,41,156520,290680,156520,,0
3,42,156520,290680,156520,,0
3,43,156520,290680,156520,,0
3,44,156520,290680,156520,,0
3,45,156520,290680,156520,,0
3,46,156520,290680,156520,,0
3,47,156520,290680,156520,,0
3,48,156520,290680,156520,,0
3,49,156520,290680,156520,,0
3,50,156520,290680,156520,,0
3,51,156520,290680,156520,,0
3,52,156520,290680,156520,,0
3,53,156520,290680,156520,,0
3,54,156520,290680,156520,,0
3,55,156520,290680,156520,,0
3,56,156520,290680,156520,,0
3,57,156520,290680,156520,,0
3,58,156520,290680,156520,,0
3,59,156520,290680,156520,,0
3,60,156520,290680,156520,,0
3,61,156520,290680,156520,,0
3,62,156520,290680,156520,,0
3,63,156520,290680,156520,,0
3,64,156520,290680,156520,,0
3,65,156520,290680,156520,,0
3,66,156520,290680,156520,,0
3,67,156520,290680,156520,,0
3,68,156520,290680,156520,,0
3,69,156520,290680,156520,,0
3,70,156520,290680,156520,,0
3,71,156520,290680,156520,,0
3,72,156520,290680,156520,,0
3,73,156520,290680,156520,,0
3,74,156520,290680,156520,,0
3,75,156520,290680,156520,,0
3,76,156520,290680,156520,,0
3,77,156520,290680,156520,,0
3,78,156520,290680,156520,,0
3,79,156520,290680,156520,,0
3,80,156520,290680,156520,,0
3,81,156520,290680,156520,,0
3,82,156520,290680,156520,,0
3,83,156520,290680,156520,,0
3,84,156520,290680,156520,,0
3,85,156520,290680,156520,,0
3,86,156520,290680,156520,,0
3,87,156520,290680,156520,,0
3,88,156520,290680,156520,,0
3,89,156520,290680,156520,,0
3,90,156520,290680,156520,,0
3,91,156520,290680,156520,,0
3,92,156520,290680,156520,,0
3,93,156520,290680,156520,,0
3,94,156520,290680,156520,,0
3,95,156520,290680,156520,,0
3,96,156520,290680,156520,,0
3,97,156520,290680,156520,,0
3,98,156520,290680,156520,,0
3,99,156520,290680,156520,,0
3,100,156520,290680,156520,,0
3,101,156520,290680,156520,,0
3,102,156520,290680,156520,,0
3,103,156520,290680,156520,,0
3,104,156520,290680,156520,,0
3,105,156520,290680,156520,,0
3,106,156520,290680,156520,,0
3,107,156520,290680,156520,,0
3,108,156520,290680,156520,,0
3,109,156520,290680,156520,,0
3,110,156520,290680,156520,,0
3,111,156520,290680,156520,,0
3,112,156520,290680,156520,,0
3,113,156520,290680,156520,,0
3,114,156520,290680,156520,,0
3,115,156520,290680,156520,,0
3,116,156520,290680,156520,,0
3,117,156520,290680,156520,,0
3,118,156520,290680,156520,,0
3,119,156520,290680,156520,,0
3,120,156520,290680,156520,,0
3,121,156520,290680,156520,,0
3,122,156520,290680,156520,,0
3,123,156520,290680,156520,,0
3,124,156520,290680,156520,,0
3,125,156520,290680,156520,,0
3,126,156520,290680,156520,,0
3,127,156520,290680,156520,,0
3,128,156520,290680,156520,,0
3,129,156520,290680,156520,,0
3,130,156520,290680,156520,,0
3,131,156520,290680,156520,,0
3,132,156520,290680,156520,,0
3,133,156520,290680,156520,,0
3,134,156520,290680,156520,,0
3,135,156520,290680,156520,,0
3,136,156520,290680,156520,,0
3,137,156520,290680,156520,,0
3,138,156520,290680,156520,,0
3,139,156520,290680,156520,,0
3,140,156520,290680,156520,,0
3,141,156520,290680,156520,,0
3,142,156520,290680,156520,,0
3,143,156520,290680,156520,,0
3,144,156520,290680,156520,,0
3,145,156520,290680,156520,,0
3,146,156520,290680,156520,,0
3,147,156520,290680,156520,,0
3,148,156520,290680,156520,,0
3,149,156520,290680,156520,,0
3,150,156520,290680,156520,,0
3,151,156520,290680,156520,,0
3,152,156520,290680,156520,,0
3,153,156520,290680,156520,,0
3,154,156520,290680,156520,,0
3,155,156520,290680,156520,,0
3,156,156520,290680,156520,,0
3,157,156520,290680,156520,,0
3,158,156520,290680,156520,,0
3,159,156520,290680,156520,,0
3,160,156520,290680,156520,,0
3,161,156520,290680,156520,,0
3,162,156520,290680,156520,,0
3,163,156520,290680,156520,,0
3,164,156520,290680,156520,,0
3,165,156520,290680,156520,,0
3,166,156520,290680,156520,,0
3,167,156520,290680,156520,,0
3,168,156520,290680,156520,,0
3,169,156520,290680,156520,,0
3,170,156520,290680,156520,,0
3,171,156520,290680,156520,,0
3,172,156520,290680,156520,,0
3,173,156520,290680,156520,,0
3,174,156520,290680,156520,,0
3,175,156520,290680,156520,,0
3,176,156520,290680,156520,,0
3,177,156520,290680,156520,,0
3,178,156520,290680,156520,,0
3,179,156520,290680,156520,,0
3,180,156520,290680,156520,,0
3,181,156520,290680,156520,,0
3,182,156520,290680,156520,,0
3,183,156520,290680,156520,,0
3,184,156520,290680,156520,,0
3,185,156520,290680,156520,,0
3,186,156520,290680,156520,,0
3,187,156520,290680,156520,,0
3,188,156520,290680,156520,,0
3,189,156520,290680,156520,,0
3,190,156520,290680,156520,,0
3,191,156520,290680,156520,,0
3,192,156520,290680,156520,,0
3,193,156520,290680,156520,,0
3,194,156520,290680,156520,,0
3,195,156520,290680,156520,,0
3,196,156520,290680,156520,,0
3,197,156520,290680,156520,,0
3,198,156520,290680,156520,,0
3,199,156520,290680,156520,,0
3,200,156520,290680,156520,,0
3,201,156520,290680,156520,,0
3,202,156520,290680,156520,,0
3,203,156520,290680,156520,,0
3,204,156520,290680,156520,,0
3,205,156520,290680,156520,,0
3,206,156520,290680,156520,,0
3,207,156520,290680,156520,,0
3,208,156520,290680,156520,,0
3,209,156520,290680,156520,,0
3,210,156520,290680,156520,,0
3,211,156520,290680,156520,,0
3,212,156520,290680,156520,,0
3,213,156520,290680,156520,,0
3,214,156520,290680,156520,,0
3,215,156520,290680,156520,,0
3,216,156520,290680,156520,,0
3,217,156520,290680,156520,,0
3,218,156520,290680,156520,,0
3,219,156520,290680,156520,,0
3,220,156520,290680,156520,,0
3,221,156520,290680,156520,,0
3,222,156520,290680,156520,,0
3,223,156520,290680,156520,,0
3,224,156520,290680,156520,,0
3,225,156520,290680,156520,,0
3,226,156520,290680,156520,,0
3,227,156520,290680,156520,,0
3,228,156520,290680,156520,,0
3,229,156520,290680,156520,,0
3,230,156520,290680,156520,,0
3,231,156520,290680,156520,,0
3,232,156520,290680,156520,,0
3,233,156520,290680,156520,,0
3,234,156520,290680,156520,,0
3,235,156520,290680,156520,,0
3,236,156520,290680,156520,,0
3,237,156520,290680,156520,,0
3,238,156520,290680,156520,,0
3,239,156520,290680,156520,,0
3,240,156520,290680,156520,,0
3,241,156520,290680,156520,,0
3,242,156520,290680,156520,,0
3,243,156520,290680,156520,,0
3,244,156520,290680,156520,,0
3,245,156520,290680,156520,,0
3,246,156520,290680,156520,,0
3,247,156520,290680,156520,,0
3,248,156520,290680,156520,,0
3,249,156520,290680,156520,,0
3,250,156520,290680,156520,,0
3,251,156520,290680,156520,,0
3,252,156520,290680,156520,,0
3,253,156520,290680,156520,,0
3,254,156520,290680,156520,,0
3,255,156520,290680,156520,,0
4,0,156520,290680,156520,,0
4,1,156520,290680,156520,,0
4,2,156520,290680,156520,,0
4,3,156520,290680,156520,,0
4,4,156520,290680,156520,,0
4,5,156520,290680,156520,,0
4,6,156520,290680,156520,,0
4,7,156520,290680,156520,,0
4,8,156520,290680,156520,,0
4,9,156520,290680,156520,,0
4,10,156520,290680,156520,,0
4,11,156520,290680,156520,,0
4,12,156520,290680,156520,,0
4,13,156520,290680,156520,,0
4,14,156520,290680,156520,,0
4,15,156520,290680,156520,,0
4,16,156520,290680,156520,,0
4,17,156520,290680,156520,,0
4,18,156520,290680,156520,,0
4,19,156520,290680,156520,,0
4,20,156520,290680,156520,,0
4,21,156520,290680,156520,,0
4,22,156520,290680,156520,,0
4,23,156520,290680,156520,,0
4,24,156520,290680,156520,,0
4,25,156520,290680,156520,,0
4,26,156520,290680,156520,,0
4,27,156520,290680,156520,,0
4,28,156520,290680,156520,,0
4,29,156520,290680,156520,,0
4,30,156520,290680,156520,,0
4,31,156520,290680,156520,,0
4,32,156520,290680,156520,,0
4,33,156520,290680,156520,,0
4,34,156520,290680,156520,,0
4,35,156520,290680,156520,,0
4,36,156520,290680,156520,,0
4,37,156520,290680,156520,,0
4,38,156520,290680,156520,,0
4,39,156520,290680,156520,,0
4,40,156520,290680,156520,,0
4,41,156520,290680,156520,,0
4,42,156520,290680,156520,,0
4,43,156520,290680,156520,,0
4,44,156520,290680,156520,,0
4,45,156520,290680,156520,,0
4,46,156520,290680,156520,,0
4,47,156520,290680,156520,,0
4,48,156520,290680,156520,,0
4,49,156520,290680,156520,,0
4,50,156520,290680,156520,,0
4,51,156520,290680,156520,,0
4,52,156520,290680,156520,,0
4,53,156520,290680,156520,,0
4,54,156520,290680,156520,,0
4,55,156520,290680,156520,,0
4,56,156520,290680,156520,,0
4,57,156520,290680,156520,,0
4,58,156520,290680,156520,,0
4,59,156520,290680,156520,,0
4,60,156520,290680,156520,,0
4,61,156520,290680,156520,,0
4,62,156520,290680,156520,,0
4,63,156520,290680,156520,,0
4,64,156520,290680,156520,,0
4,65,156520,290680,156520,,0
4,66,156520,290680,156520,,0
4,67,156520,290680,156520,,0
4,68,156520,290680,156520,,0
4,69,156520,290680,156520,,0
4,70,156520,290680,156520,,0
4,71,156520,290680,156520,,0
4,72,156520,290680,156520,,0
4,73,156520,290680,156520,,0
4,74,156520,290680,156520,,0
4,75,156520,290680,156520,,0
4,76,156520,290680,156520,,0
4,77,156520,290680,156520,,0
4,78,156520,290680,156520,,0
4,79,156520,290680,156520,,0
4,80,156520,290680,156520,,0
4,81,156520,290680,156520,,0
4,82,156520,290680,156520,,0
4,83,156520,290680,156520,,0
4,84,156520,290680,156520,,0
4,85,156520,290680,156520,,0
4,86,156520,290680,156520,,0
4,87,156520,290680,156520,,0
4,88,156520,290680,156520,,0
4,89,156520,290680,156520,,0
4,90,156520,290680,156520,,0
4,91,156520,290680,156520,,0
4,92,156520,290680,156520,,0
4,93,156520,290680,156520,,0
4,94,156520,290680,156520,,0
4,95,156520,290680,156520,,0
4,96,156520,290680,156520,,0
4,97,156520,290680,156520,,0
4,98,156520,290680,156520,,0
4,99,156520,290680,156520,,0
4,100,156520,290680,156520,,0
4,101,156520,290680,156520,,0
4,102,156520,290680,156520,,0
4,103,156520,290680,156520,,0
4,104,156520,290680,156520,,0
4,105,156520,290680,156520,,0
4,106,156520,290680,156520,,0
4,107,156520,290680,156520,,0
4,108,156520,290680,156520,,0
4,109,156520,290680,156520,,0
4,110,156520,290680,156520,,0
4,111,156520,290680,156520,,0
4,112,156520,290680,156520,,0
4,113,156520,290680,156520,,0
4,114,156520,290680,156520,,0
4,115,156520,290680,156520,,0
4,116,156520,290680,156520,,0
4,117,156520,290680,156520,,0
4,118,156520,290680,156520,,0
4,119,156520,290680,156520,,0
4,120,156520,290680,156520,,0
4,121,156520,290680,156520,,0
4,122,156520,290680,156520,,0
4,123,156520,290680,156520,,0
4,124,156520,290680,156520,,0
4,125,156520,290680,156520,,0
4,126,156520,290680,156520,,0
4,127,156520,290680,156520,,0
4,128,156520,290680,156520,,0
4,129,156520,290680,156520,,0
4,130,156520,290680,156520,,0
4,131,156520,290680,156520,,0
4,132,156520,290680,156520,,0
4,133,156520,290680,156520,,0
4,134,156520,290680,156520,,0
4,135,156520,290680,156520,,0
4,136,156520,290680,156520,,0
4,137,156520,290680,156520,,0
4,138,156520,290680,156520,,0
4,139,156520,290680,156520,,0
4,140,156520,290680,156520,,0
4,141,156520,290680,156520,,0
4,142,156520,290680,156520,,0
4,143,156520,290680,156520,,0
4,144,156520,290680,156520,,0
4,145,156520,290680,156520,,0
4,146,156520,290680,156520,,0
4,147,156520,290680,156520,,0
4,148,156520,290680,156520,,0
4,149,156520,290680,156520,,0
4,150,156520,290680,156520,,0
4,151,156520,290680,156520,,0
4,152,156520,290680,156520,,0
4,153,156520,290680,156520,,0
4,154,156520,290680,156520,,0
4,155,156520,290680,156520,,0
4,156,156520,290680,156520,,0
4,157,156520,290680,156520,,0
4,158,156520,290680,156520,,0
4,159,156520,290680,156520,,0
4,160,156520,290680,156520,,0
4,161,156520,290680,156520,,0
4,162,156520,290680,156520,,0
4,163,156520,290680,156520,,0
4,164,156520,290680,156520,,0
4,165,156520,290680,156520,,0
4,166,156520,290680,156520,,0
4,167,156520,290680,156520,,0
4,168,156520,290680,156520,,0
4,169,156520,290680,156520,,0
4,170,156520,290680,156520,,0
4,171,156520,290680,156520,,0
4,172,156520,290680,156520,,0
4,173,156520,290680,156520,,0
4,174,156520,290680,156520,,0
4,175,156520,290680,156520,,0
4,176,156520,290680,156520,,0
4,177,156520,290680,156520,,0
4,178,156520,290680,156520,,0
4,179,156520,290680,156520,,0
4,180,156520,290680,156520,,0
4,181,156520,290680,156520,,0
4,182,156520,290680,156520,,0
4,183,156520,290680,156520,,0
4,184,156520,290680,156520,,0
4,185,156520,290680,156520,,0
4,186,156520,290680,156520,,0
4,187,156520,290680,156520,,0
4,188,156520,290680,156520,,0
4,189,156520,290680,156520,,0
4,190,156520,290680,156520,,0
4,191,156520,290680,156520,,0
4,192,156520,290680,156520,,0
4,193,156520,290680,156520,,0
4,194,156520,290680,156520,,0
4,195,156520,290680,156520,,0
4,196,156520,290680,156520,,0
4,197,156520,290680,156520,,0
4,198,156520,290680,156520,,0
4,199,156520,290680,156520,,0
4,200,156520,290680,156520,,0
4,201,156520,290680,156520,,0
4,202,156520,290680,156520,,0
4,203,156520,290680,156520,,0
4,204,156520,290680,156520,,0
4,205,156520,290680,156520,,0
4,206,156520,290680,156520,,0
4,207,156520,290680,156520,,0
4,208,156520,290680,156520,,0
4,209,156520,290680,156520,,0
4,210,156520,290680,156520,,0
4,211,156520,290680,156520,,0
4,212,156520,290680,156520,,0
4,213,156520,290680,156520,,0
4,214,156520,290680,156520,,0
4,215,156520,290680,156520,,0
4,216,156520,290680,156520,,0
4,217,156520,290680,156520,,0
4,218,156520,290680,156520,,0
4,219,156520,290680,156520,,0
4,220,156520,290680,156520,,0
4,221,156520,290680,156520,,0
4,222,156520,290680,156520,,0
4,223,156520,290680,156520,,0
4,224,156520,290680,156520,,0
4,225,156520,290680,156520,,0
4,226,156520,290680,156520,,0
4,227,156520,290680,156520,,0
4,228,156520,290680,156520,,0
4,229,156520,290680,156520,,0
4,230,156520,290680,156520,,0
4,231,156520,290680,156520,,0
4,232,156520,290680,156520,,0
4,233,156520,290680,156520,,0
4,234,156520,290680,156520,,0
4,235,156520,290680,156520,,0
4,236,156520,290680,156520,,0
4,237,156520,290680,156520,,0
4,238,156520,290680,156520,,0
4,239,156520,290680,156520,,0
4,240,156520,290680,156520,,0
4,241,156520,290680,156520,,0
4,242,156520,290680,156520,,0
4,243,156520,290680,156520,,0
4,244,156520,290680,156520,,0
4,245,156520,290680,156520,,0
4,246,156520,290680,156520,,0
4,247,156520,290680,156520,,0
4,248,156520,290680,156520,,0
4,249,156520,290680,156520,,0
4,250,156520,290680,156520,,0
4,251,156520,290680,156520,,0
4,252,156520,290680,156520,,0
4,253,156520,290680,156520,,0
4,254,156520,290680,156520,,0
4,255,156520,290680,156520,,0
5,0,156520,290680,156520,,0
5,1,156520,290680,156520,,0
5,2,156520,290680,156520,,0
5,3,156520,290680,156520,,0
5,4,156520,290680,156520,,0
5,5,156520,290680,156520,,0
5,6,156520,290680,156520,,0
5,7,156520,290680,156520,,0
5,8,156520,290680,156520,,0
5,9,156520,290680,156520,,0
5,10,156520,290680,156520,,0
5,11,156520,290680,156520,,0
5,12,156520,290680,156520,,0
5,13,156520,290680,156520,,0
5,14,156520,290680,156520,,0
5,15,156520,290680,156520,,0
5,16,156520,290680,156520,,0
5,17,156520,290680,156520,,0
5,18,156520,290680,156520,,0
5,19,156520,290680,156520,,0
5,20,156520,290680,156520,,0
5,21,156520,290680,156520,,0
5,22,156520,290680,156520,,0
5,23,156520,290680,156520,,0
5,24,156520,290680,156520,,0
5,25,156520,290680,156520,,0
5,26,156520,290680,156520,,0
5,27,156520,290680,156520,,0
5,28,156520,290680,156520,,0
5,29,156520,290680,156520,,0
5,30,156520,290680,156520,,0
5,31,156520,290680,156520,,0
5,32,156520,290680,156520,,0
5,33,156520,290680,156520,,0
5,34,156520,290680,156520,,0
5,35,156520,290680,156520,,0
5,36,156520,290680,156520,,0
5,37,156520,290680,156520,,0
5,38,156520,290680,156520,,0
5,39,156520,290680,156520,,0
5,40,156520,290680,156520,,0
5,41,156520,290680,156520,,0
5,42,156520,290680,156520,,0
5,43,156520,290680,156520,,0
5,44,156520,290680,156520,,0
5,45,156520,290680,156520,,0
5,46,156520,290680,156520,,0
5,47,156520,290680,156520,,0
5,48,156520,290680,156520,,0
5,49,156520,290680,156520,,0
5,50,156520,290680,156520,,0
5,51,156520,290680,156520,,0
5,52,156520,290680,156520,,0
5,53,156520,290680,156520,,0
5,54,156520,290680,156520,,0
5,55,156520,290680,156520,,0
5,56,156520,290680,156520,,0
5,57,156520,290680,156520,,0
5,58,156520,290680,156520,,0
5,59,156520,290680,156520,,0
5,60,156520,290680,156520,,0
5,61,156520,290680,156520,,0
5,62,156520,290680,156520,,0
5,63,156520,290680,156520,,0
5,64,156520,290680,156520,,0
5,65,156520,290680,156520,,0
5,66,156520,290680,156520,,0
5,67,156520,290680,156520,,0
5,68,156520,290680,156520,,0
5,69,156520,290680,156520,,0
5,70,156520,290680,156520,,0
5,71,156520,290680,156520,,0
5,72,156520,290680,156520,,0
5,73,156520,290680,156520,,0
5,74,156520,290680,156520,,0
5,75,156520,290680,156520,,0
5,76,156520,290680,156520,,0
5,77,156520,290680,156520,,0
5,78,156520,290680,156520,,0
5,79,156520,290680,156520,,0
5,80,156520,290680,156520,,0
5,81,156520,290680,156520,,0
5,82,156520,290680,156520,,0
5,83,156520,290680,156520,,0
5,84,156520,290680,156520,,0
5,85,156520,290680,156520,,0
5,86,156520,290680,156520,,0
5,87,156520,290680,156520,,0
5,88,156520,290680,156520,,0
5,89,156520,290680,156520,,0
5,90,156520,290680,156520,,0
5,91,156520,290680,156520,,0
5,92,156520,290680,156520,,0
5,93,156520,290680,156520,,0
5,94,156520,290680,156520,,0
5,95,156520,290680,156520,,0
5,96,156520,290680,156520,,0
5,97,156520,290680,156520,,0
5,98,156520,290680,156520,,0
5,99,156520,290680,156520,,0
5,100,156520,290680,156520,,0
5,101,156520,290680,156520,,0
5,102,156520,290680,156520,,0
5,103,156520,290680,156520,,0
5,104,156520,290680,156520,,0
5,105,156520,290680,156520,,0
5,106,156520,290680,156520,,0
5,107,156520,290680,156520,,0
5,108,156520,290680,156520,,0
5,109,156520,290680,156520,,0
5,110,156520,290680,156520,,0
5,111,156520,290680,156520,,0
5,112,156520,290680,156520,,0
5,113,156520,290680,156520,,0
5,114,156520,290680,156520,,0
5,115,156520,290680,156520,,0
5,116,156520,290680,156520,,0
5,117,156520,290680,156520,,0
5,118,156520,290680,156520,,0
5,119,156520,290680,156520,,0
5,120,156520,290680,156520,,0
5,121,156520,290680,156520,,0
5,122,156520,290680,156520,,0
5,123,156520,290680,156520,,0
5,124,156520,290680,156520,,0
5,125,156520,290680,156520,,0
5,126,156520,290680,156520,,0
5,127,156520,290680,156520,,0
5,128,156520,290680,156520,,0
5,129,156520,290680,156520,,0
5,130,156520,290680,156520,,0
5,131,156520,290680,156520,,0
5,132,156520,290680,156520,,0
5,133,156520,290680,156520,,0
5,134,156520,290680,156520,,0
5,135,156520,290680,156520,,0
5,136,156520,290680,156520,,0
5,137,156520,290680,156520,,0
5,138,156520,290680,156520,,0
5,139,156520,290680,156520,,0
5,140,156520,290680,156520,,0
5,141,156520,290680,156520,,0
5,142,156520,290680,156520,,0
5,143,156520,290680,156520,,0
5,144,156520,290680,156520,,0
5,145,156520,290680,156520,,0
5,146,156520,290680,156520,,0
5,147,156520,290680,156520,,0
5,148,156520,290680,156520,,0
5,149,156520,290680,156520,,0
5,150,156520,290680,156520,,0
5,151,156520,290680,156520,,0
5,152,156520,290680,156520,,0
5,153,156520,290680,156520,,0
5,154,156520,290680,156520,,0
5,155,156520,290680,156520,,0
5,156,156520,290680,156520,,0
5,157,156520,290680,156520,,0
5,158,156520,290680,156520,,0
5,159,156520,290680,156520,,0
5,160,156520,290680,156520,,0
5,161,156520,290680,156520,,0
5,162,156520,290680,156520,,0
5,163,156520,290680,156520,,0
5,164,156520,290680,156520,,0
5,165,156520,290680,156520,,0
5,166,156520,290680,156520,,0
5,167,156520,290680,156520,,0
5,168,156520,290680,156520,,0
5,169,156520,290680,156520,,0
5,170,156520,290680,156520,,0
5,171,156520,290680,156520,,0
5,172,156520,290680,156520,,0
5,173,156520,290680,156520,,0
5,174,156520,290680,156520,,0
5,175,156520,290680,156520,,0
5,176,156520,290680,156520,,0
5,177,156520,290680,156520,,0
5,178,156520,290680,156520,,0
5,179,156520,290680,156520,,0
5,180,156520,290680,156520,,0
5,181,156520,290680,156520,,0
5,182,156520,290680,156520,,0
5,183,156520,290680,156520,,0
5,184,156520,290680,156520,,0
5,185,156520,290680,156520,,0
5,186,156520,290680,156520,,0
5,187,156520,290680,156520,,0
5,188,156520,290680,156520,,0
5,189,156520,290680,156520,,0
5,190,156520,290680,156520,,0
5,191,156520,290680,156520,,0
5,192,156520,290680,156520,,0
5,193,156520,290680,156520,,0
5,194,156520,290680,156520,,0
5,195,156520,290680,156520,,0
5,196,156520,290680,156520,,0
5,197,156520,290680,156520,,0
5,198,156520,290680,156520,,0
5,199,156520,290680,156520,,0
5,200,156520,290680,156520,,0
5,201,156520,290680,156520,,0
5,202,156520,290680,156520,,0
5,203,156520,290680,156520,,0
5,204,156520,290680,156520,,0
5,205,156520,290680,156520,,0
5,206,156520,290680,156520,,0
5,207,156520,290680,156520,,0
5,208,156520,290680,156520,,0
5,209,156520,290680,156520,,0
5,210,156520,290680,156520,,0
5,211,156520,290680,156520,,0
5,212,156520,290680,156520,,0
5,213,156520,290680,156520,,0
5,214,156520,290680,156520,,0
5,215,156520,290680,156520,,0
5,216,156520,290680,156520,,0
5,217,156520,290680,156520,,0
5,218,156520,290680,156520,,0
5,219,156520,290680,156520,,0
5,220,156520,290680,156520,,0
5,221,156520,290680,156520,,0
5,222,156520,290680,156520,,0
5,223,156520,290680,156520,,0
5,224,156520,290680,156520,,0
5,225,156520,290680,156520,,0
5,226,156520,290680,156520,,0
5,227,156520,290680,156520,,0
5,228,156520,290680,156520,,0
5,229,156520,290680,156520,,0
5,230,156520,290680,156520,,0
5,231,156520,290680,156520,,0
5,232,156520,290680,156520,,0
5,233,156520,290680,156520,,0
5,234,156520,290680,156520,,0
5,235,156520,290680,156520,,0
5,236,156520,290680,156520,,0
5,237,156520,290680,156520,,0
5,238,156520,290680,156520,,0
5,239,156520,290680,156520,,0
5,240,156520,290680,156520,,0
5,241,156520,290680,156520,,0
5,242,156520,290680,156520,,0
5,243,156520,290680,156520,,0
5,244,156520,290680,156520,,0
5,245,156520,290680,156520,,0
5,246,156520,290680,156520,,0
5,247,156520,290680,156520,,0
5,248,156520,290680,156520,,0
5,249,156520,290680,156520,,0
5,250,156520,290680,156520,,0
5,251,156520,290680,156520,,0
5,252,156520,290680,156520,,0
5,253,156520,290680,156520,,0
5,254,156520,290680,156520,,0
5,255,156520,290680,156520,,0
6,0,156520,290680,156520,,0
6,1,156520,290680,156520,,0
6,2,156520,290680,156520,,0
6,3,156520,290680,156520,,0
6,4,156520,290680,156520,,0
6,5,156520,290680,156520,,0
6,6,156520,290680,156520,,0
6,7,156520,290680,156520,,0
6,8,156520,290680,156520,,0
6,9,156520,290680,156520,,0
6,10,156520,290680,156520,,0
6,11,156520,290680,156520,,0
6,12,156520,290680,156520,,0
6,13,156520,290680,156520,,0
6,14,156520,290680,156520,,0
6,15,156520,290680,156520,,0
6,16,156520,290680,156520,,0
6,17,156520,290680,156520,,0
6,18,156520,290680,156520,,0
6,19,156520,290680,156520,,0
6,20,156520,290680,156520,,0
6,21,156520,290680,156520,,0
6,22,156520,290680,156520,,0
6,23,156520,290680,156520,,0
6,24,156520,290680,156520,,0
6,25,156520,290680,156520,,0
6,26,156520,290680,156520,,0
6,27,156520,290680,156520,,0
6,28,156520,290680,156520,,0
6,29,156520,290680,156520,,0
6,30,156520,290680,156520,,0
6,31,156520,290680,156520,,0
6,32,156520,290680,156520,,0
6,33,156520,290680,156520,,0
6,34,156520,290680,156520,,0
6,35,156520,290680,156520,,0
6,36,156520,290680,156520,,0
6,37,156520,290680,156520,,0
6,38,156520,290680,156520,,0
6,39,156520,290680,156520,,0
6,40,156520,290680,156520,,0
6,41,156520,290680,156520,,0
6,42,156520,290680,156520,,0
6,43,156520,290680,156520,,0
6,44,156520,290680,156520,,0
6,45,156520,290680,156520,,0
6,46,156520,290680,156520,,0
6,47,156520,290680,156520,,0
6,48,156520,290680,156520,,0
6,49,156520,290680,156520,,0
6,50,156520,290680,156520,,0
6,51,156520,290680,156520,,0
6,52,156520,290680,156520,,0
6,53,156520,290680,156520,,0
6,54,156520,290680,156520,,0
6,55,156520,290680,156520,,0
6,56,156520,290680,156520,,0
6,57,156520,290680,156520,,0
6,58,156520,290680,156520,,0
6,59,156520,290680,156520,,0
6,60,156520,290680,156520,,0
6,61,156520,290680,156520,,0
6,62,156520,290680,156520,,0
6,63,156520,290680,156520,,0
6,64,156520,290680,156520,,0
6,65,156520,290680,156520,,0
6,66,156520,290680,156520,,0
6,67,156520,290680,156520,,0
6,68,156520,290680,156520,,0
6,69,156520,290680,156520,,0
6,70,156520,290680,156520,,0
6,71,156520,290680,156520,,0
6,72,156520,290680,156520,,0
6,73,156520,290680,156520,,0
6,74,156520,290680,156520,,0
6,75,156520,290680,156520,,0
6,76,156520,290680,156520,,0
6,77,156520,290680,156520,,0
6,78,156520,290680,156520,,0
6,79,156520,290680,156520,,0
6,80,156520,290680,156520,,0
6,81,156520,290680,156520,,0
6,82,156520,290680,156520,,0
6,83,156520,290680,156520,,0
6,84,156520,290680,156520,,0
6,85,156520,290680,156520,,0
6,86,156520,290680,156520,,0
6,87,156520,290680,156520,,0
6,88,156520,290680,156520,,0
6,89,156520,290680,156520,,0
6,90,156520,290680,156520,,0
6,91,156520,290680,156520,,0
6,92,156520,290680,156520,,0
6,93,156520,290680,156520,,0
6,94,156520,290680,156520,,0
6,95,156520,290680,156520,,0
6,96,156520,290680,156520,,0
6,97,156520,290680,156520,,0
6,98,156520,290680,156520,,0
6,99,156520,290680,156520,,0
6,100,156520,290680,156520,,0
6,101,156520,290680,156520,,0
6,102,156520,290680,156520,,0
6,103,156520,290680,156520,,0
6,104,156520,290680,156520,,0
6,105,156520,290680,156520,,0
6,106,156520,290680,156520,,0
6,107,156520,290680,156520,,0
6,108,156520,290680,156520,,0
6,109,156520,290680,156520,,0
6,110,156520,290680,156520,,0
6,111,156520,290680,156520,,0
6,112,156520,290680,156520,,0
6,113,156520,290680,156520,,0
6,114,156520,290680,156520,,0
6,115,156520,290680,156520,,0
6,116,156520,290680,156520,,0
6,117,156520,290680,156520,,0
6,118,156520,290680,156520,,0
6,119,156520,290680,156520,,0
6,120,156520,290680,156520,,0
6,121,156520,290680,156520,,0
6,122,156520,290680,156520,,0
6,123,156520,290680,156520,,0
6,124,156520,290680,156520,,0
6,125,156520,290680,156520,,0
6,126,156520,290680,156520,,0
6,127,156520,290680,156520,,0
6,128,156520,290680,156520,,0
6,129,156520,290680,156520,,0
6,130,156520,290680,156520,,0
6,131,156520,290680,156520,,0
6,132,156520,290680,156520,,0
6,133,156520,290680,156520,,0
6,134,156520,290680,156520,,0
6,135,156520,290680,156520,,0
6,136,156520,290680,156520,,0
6,137,156520,290680,156520,,0
6,138,156520,290680,156520,,0
6,139,156520,290680,156520,,0
6,140,156520,290680,156520,,0
6,141,156520,290680,156520,,0
6,142,156520,290680,156520,,0
6,143,156520,290680,156520,,0
6,144,156520,290680,156520,,0
6,145,156520,290680,156520,,0
6,146,156520,290680,156520,,0
6,147,156520,290680,156520,,0
6,148,156520,290680,156520,,0
6,149,156520,290680,156520,,0
6,150,156520,290680,156520,,0
6,151,156520,290680,156520,,0
6,152,156520,290680,156520,,0
6,153,156520,290680,156520,,0
6,154,156520,290680,156520,,0
6,155,156520,290680,156520,,0
6,156,156520,290680,156520,,0
6,157,156520,290680,156520,,0
6,158,156520,290680,156520,,0
6,159,156520,290680,156520,,0
6,160,156520,290680,156520,,0
6,161,156520,290680,156520,,0
6,162,156520,290680,156520,,0
6,163,156520,290680,156520,,0
6,164,156520,290680,156520,,0
6,165,156520,290680,156520,,0
6,166,156520,290680,156520,,0
6,167,156520,290680,156520,,0
6,168,156520,290680,156520,,0
6,169,156520,290680,156520,,0
6,170,156520,290680,156520,,0
6,171,156520,290680,156520,,0
6,172,156520,290680,156520,,0
6,173,156520,290680,156520,,0
6,174,156520,290680,156520,,0
6,175,156520,290680,156520,,0
6,176,156520,290680,156520,,0
6,177,156520,290680,156520,,0
6,178,156520,290680,156520,,0
6,179,156520,290680,156520,,0
6,180,156520,290680,156520,,0
6,181,156520,290680,156520,,0
6,182,156520,290680,156520,,0
6,183,156520,290680,156520,,0
6,184,156520,290680,156520,,0
6,185,156520,290680,156520,,0
6,186,156520,290680,156520,,0
6,187,156520,290680,156520,,0
6,188,156520,290680,156520,,0
6,189,156520,290680,156520,,0
6,190,156520,290680,156520,,0
6,191,156520,290680,156520,,0
6,192,156520,290680,156520,,0
6,193,156520,290680,156520,,0
6,194,156520,290680,156520,,0
6,195,156520,290680,156520,,0
6,196,156520,290680,156520,,0
6,197,156520,290680,156520,,0
6,198,156520,290680,156520,,0
6,199,156520,290680,156520,,0
6,200,156520,290680,156520,,0
6,201,156520,290680,156520,,0
6,202,156520,290680,156520,,0
6,203,156520,290680,156520,,0
6,204,156520,290680,156520,,0
6,205,156520,290680,156520,,0
6,206,156520,290680,156520,,0
6,207,156520,290680,156520,,0
6,208,156520,290680,156520,,0
6,209,156520,290680,156520,,0
6,210,156520,290680,156520,,0
6,211,156520,290680,156520,,0
6,212,156520,290680,156520,,0
6,213,156520,290680,156520,,0
6,214,156520,290680,156520,,0
6,215,156520,290680,156520,,0
6,216,156520,290680,156520,,0
6,217,156520,290680,156520,,0
6,218,156520,290680,156520,,0
6,219,156520,290680,156520,,0
6,220,156520,290680,156520,,0
6,221,156520,290680,156520,,0
6,222,156520,290680,156520,,0
6,223,156520,290680,156520,,0
6,224,156520,290680,156520,,0
6,225,156520,290680,156520,,0
6,226,156520,290680,156520,,0
6,227,156520,290680,156520,,0
6,228,156520,290680,156520,,0
6,229,156520,290680,156520,,0
6,230,156520,290680,156520,,0
6,231,156520,290680,156520,,0
6,232,156520,290680,156520,,0
6,233,156520,290680,156520,,0
6,234,156520,290680,156520,,0
6,235,156520,290680,156520,,0
6,236,156520,290680,156520,,0
6,237,156520,290680,156520,,0
6,238,156520,290680,156520,,0
6,239,156520,290680,156520,,0
6,240,156520,290680,156520,,0
6,241,156520,290680,156520,,0
6,242,156520,290680,156520,,0
6,243,156520,290680,156520,,0
6,244,156520,290680,156520,,0
6,245,156520,290680,156520,,0
6,246,156520,290680,156520,,0
6,247,156520,290680,156520,,0
6,248,156520,290680,156520,,0
6,249,156520,290680,156520,,0
6,250,156520,290680,156520,,0
6,251,156520,290680,156520,,0
6,252,156520,290680,156520,,0
6,253,156520,290680,156520,,0
6,254,156520,290680,156520,,0
6,255,156520,290680,156520,,0
7,0,156520,290680,156520,,0
7,1,156520,290680,156520,,0
7,2,156520,290680,156520,,0
7,3,156520,290680,156520,,0
7,4,156520,290680,156520,,0
7,5,156520,290680,156520,,0
7,6,156520,290680,156520,,0
7,7,156520,290680,156520,,0
7,8,156520,290680,156520,,0
7,9,156520,290680,156520,,0
7,10,156520,290680,156520,,0
7,11,156520,290680,156520,,0
7,12,156520,290680,156520,,0
7,13,156520,290680,156520,,0
7,14,156520,290680,156520,,0
7,15,156520,290680,156520,,0
7,16,156520,290680,156520,,0
7,17,156520,290680,156520,,0
7,18,156520,290680,156520,,0
7,19,156520,290680,156520,,0
7,20,156520,290680,156520,,0
7,21,156520,290680,156520,,0
7,22,156520,290680,156520,,0
7,23,156520,290680,156520,,0
7,24,156520,290680,156520,,0
7,25,156520,290680,156520,,0
7,26,156520,290680,156520,,0
7,27,156520,290680,156520,,0
7,28,156520,290680,156520,,0
7,29,156520,290680,156520,,0
7,30,156520,290680,156520,,0
7,31,156520,290680,156520,,0
7,32,156520,290680,156520,,0
7,33,156520,290680,156520,,0
7,34,156520,290680,156520,,0
7,35,156520,290680,156520,,0
7,36,156520,290680,156520,,0
7,37,156520,290680,156520,,0
7,38,156520,290680,156520,,0
7,39,156520,290680,156520,,0
7,40,156520,290680,156520,,0
7,41,156520,290680,156520,,0
7,42,156520,290680,156520,,0
7,43,156520,290680,156520,,0
7,44,156520,290680,156520,,0
7,45,156520,290680,156520,,0
7,46,156520,290680,156520,,0
7,47,156520,290680,156520,,0
7,48,156520,290680,156520,,0
7,49,156520,290680,156520,,0
7,50,156520,290680,156520,,0
7,51,156520,290680,156520,,0
7,52,156520,290680,156520,,0
7,53,156520,290680,156520,,0
7,54,156520,290680,156520,,0
7,55,156520,290680,156520,,0
7,56,156520,290680,156520,,0
7,57,156520,290680,156520,,0
7,58,156520,290680,156520,,0
7,59,156520,290680,156520,,0
7,60,156520,290680,156520,,0
7,61,156520,290680,156520,,0
7,62,156520,290680,156520,,0
7,63,156520,290680,156520,,0
7,64,156520,290680,156520,,0
7,65,156520,290680,156520,,0
7,66,156520,290680,156520,,0
7,67,156520,290680,156520,,0
7,68,156520,290680,156520,,0
7,69,156520,290680,156520,,0
7,70,156520,290680,156520,,0
7,71,156520,290680,156520,,0
7,72,156520,290680,156520,,0
7,73,156520,290680,156520,,0
7,74,156520,290680,156520,,0
7,75,156520,290680,156520,,0
7,76,156520,290680,156520,,0
7,77,156520,290680,156520,,0
7,78,156520,290680,156520,,0
7,79,156520,290680,156520,,0
7,80,156520,290680,156520,,0
7,81,156520,290680,156520,,0
7,82,156520,290680,156520,,0
7,83,156520,290680,156520,,0
7,84,156520,290680,156520,,0
7,85,156520,290680,156520,,0
7,86,156520,290680,156520,,0
7,87,156520,290680,156520,,0
7,88,156520,290680,156520,,0
7,89,156520,290680,156520,,0
7,90,156520,290680,156520,,0
7,91,156520,290680,156520,,0
7,92,156520,290680,156520,,0
7,93,156520,290680,156520,,0
7,94,156520,290680,156520,,0
7,95,156520,290680,156520,,0
7,96,156520,290680,156520,,0
7,97,156520,290680,156520,,0
7,98,156520,290680,156520,,0
7,99,156520,290680,156520,,0
7,100,156520,290680,156520,,0
7,101,156520,290680,156520,,0
7,102,156520,290680,156520,,0
7,103,156520,290680,156520,,0
7,104,156520,290680,156520,,0
7,105,156520,290680,156520,,0
7,106,156520,290680,156520,,0
7,107,156520,290680,156520,,0
7,108,156520,290680,156520,,0
7,109,156520,290680,156520,,0
7,110,156520,290680,156520,,0
7,111,156520,290680,156520,,0
7,112,156520,290680,156520,,0
7,113,156520,290680,156520,,0
7,114,156520,290680,156520,,0
7,115,156520,290680,156520,,0
7,116,156520,290680,156520,,0
7,117,156520,290680,156520,,0
7,118,156520,290680,156520,,0
7,119,156520,290680,156520,,0
7,120,156520,290680,156520,,0
7,121,156520,290680,156520,,0
7,122,156520,290680,156520,,0
7,123,156520,290680,156520,,0
7,124,156520,290680,156520,,0
7,125,156520,290680,156520,,0
7,126,156520,290680,156520,,0
7,127,156520,290680,156520,,0
7,128,156520,290680,156520,,0
7,129,156520,290680,156520,,0
7,130,156520,290680,156520,,0
7,131,156520,290680,156520,,0
7,132,156520,290680,156520,,0
7,133,156520,290680,156520,,0
7,134,156520,290680,156520,,0
7,135,156520,290680,156520,,0
7,136,156520,290680,156520,,0
7,137,156520,290680,156520,,0
7,138,156520,290680,156520,,0
7,139,156520,290680,156520,,0
7,140,156520,290680,156520,,0
7,141,156520,290680,156520,,0
7,142,156520,290680,156520,,0
7,143,156520,290680,156520,,0
7,144,156520,290680,156520,,0
7,145,156520,290680,156520,,0
7,146,156520,290680,156520,,0
7,147,156520,290680,156520,,0
7,148,156520,290680,156520,,0
7,149,156520,290680,156520,,0
7,150,156520,290680,156520,,0
7,151,156520,290680,156520,,0
7,152,156520,290680,156520,,0
7,153,156520,290680,156520,,0
7,154,156520,290680,156520,,0
7,155,156520,290680,156520,,0
7,156,156520,290680,156520,,0
7,157,156520,290680,156520,,0
7,158,156520,290680,156520,,0
7,159,156520,290680,156520,,0
7,160,156520,290680,156520,,0
7,161,156520,290680,156520,,0
7,162,156520,290680,156520,,0
7,163,156520,290680,156520,,0
7,164,156520,290680,156520,,0
7,165,156520,290680,156520,,0
7,166,156520,290680,156520,,0
7,167,156520,290680,156520,,0
7,168,156520,290680,156520,,0
7,169,156520,290680,156520,,0
7,170,156520,290680,156520,,0
7,171,156520,290680,156520,,0
7,172,156520,290680,156520,,0
7,173,156520,290680,156520,,0
7,174,156520,290680,156520,,0
7,175,156520,290680,156520,,0
7,176,156520,290680,156520,,0
7,177,156520,290680,156520,,0
7,178,156520,290680,156520,,0
7,179,156520,290680,156520,,0
7,180,156520,290680,156520,,0
7,181,156520,290680,156520,,0
7,182,156520,290680,156520,,0
7,183,156520,290680,156520,,0
7,184,156520,290680,156520,,0
7,185,156520,290680,156520,,0
7,186,156520,290680,156520,,0
7,187,156520,290680,156520,,0
7,188,156520,290680,156520,,0
7,189,156520,290680,156520,,0
7,190,156520,290680,156520,,0
7,191,156520,290680,156520,,0
7,192,156520,290680,156520,,0
7,193,156520,290680,156520,,0
7,194,156520,290680,156520,,0
7,195,156520,290680,156520,,0
7,196,156520,290680,156520,,0
7,197,156520,290680,156520,,0
7,198,156520,290680,156520,,0
7,199,156520,290680,156520,,0
7,200,156520,290680,156520,,0
7,201,156520,290680,156520,,0
7,202,156520,290680,156520,,0
7,203,156520,290680,156520,,0
7,204,156520,290680,156520,,0
7,205,156520,290680,156520,,0
7,206,156520,290680,156520,,0
7,207,156520,290680,156520,,0
7,208,156520,290680,156520,,0
7,209,156520,290680,156520,,0
7,210,156520,290680,156520,,0
7,211,156520,290680,156520,,0
7,212,156520,290680,156520,,0
7,213,156520,290680,156520,,0
7,214,156520,290680,156520,,0
7,215,156520,290680,156520,,0
7,216,156520,290680,156520,,0
7,217,156520,290680,156520,,0
7,218,156520,290680,156520,,0
7,219,156520,290680,156520,,0
7,220,156520,290680,156520,,0
7,221,156520,290680,156520,,0
7,222,156520,290680,156520,,0
7,223,156520,290680,156520,,0
7,224,156520,290680,156520,,0
7,225,156520,290680,156520,,0
7,226,156520,290680,156520,,0
7,227,156520,290680,156520,,0
7,228,156520,290680,156520,,0
7,229,156520,290680,156520,,0
7,230,156520,290680,156520,,0
7,231,156520,290680,156520,,0
7,232,156520,290680,156520,,0
7,233,156520,290680,156520,,0
7,234,156520,290680,156520,,0
7,235,156520,290680,156520,,0
7,236,156520,290680,156520,,0
7,237,156520,290680,156520,,0
7,238,156520,290680,156520,,0
7,239,156520,290680,156520,,0
7,240,156520,290680,156520,,0
7,241,156520,290680,156520,,0
7,242,156520,290680,156520,,0
7,243,156520,290680,156520,,0
7,244,156520,290680,156520,,0
7,245,156520,290680,156520,,0
7,246,156520,290680,156520,,0
7,247,156520,290680,156520,,0
7,248,156520,290680,156520,,0
7,249,156520,290680,156520,,0
7,250,156520,290680,156520,,0
7,251,156520,290680,156520,,0
7,252,156520,290680,156520,,0
7,253,156520,290680,156520,,0
7,254,156520,290680,156520,,0
7,255,156520,290680,156520,,0
